,LID,LL_Goals_Scored,LL_Goals_Conceded,LL_Wins,LL_Draws,LL_Loses,LL_Played,LL_Accu,ELO_rating
13,['A1'],208.0,364.0,52.0,51.0,111.0,214.0,0.0,1422.5121181874006
61,['A1'],606.0,390.0,190.0,108.0,97.0,395.0,0.0,1672.7312481506806
224,['A1'],327.0,322.0,90.0,69.0,92.0,251.0,0.0,1481.1139752223642
275,['A1'],384.0,289.0,111.0,65.0,75.0,251.0,0.0,1459.1905578614872
355,['A1'],210.0,324.0,43.0,47.0,87.0,177.0,0.0,1366.9183656298057
511,['A1'],627.0,444.0,183.0,93.0,119.0,395.0,0.0,1718.2130710843762
518,['A1'],649.0,450.0,180.0,105.0,110.0,395.0,0.0,1660.181426410641
546,['A1'],405.0,425.0,111.0,85.0,126.0,322.0,0.0,1573.223414096215
560,['A1'],215.0,330.0,46.0,50.0,83.0,179.0,0.0,1361.4448241575415
601,['A1'],575.0,492.0,158.0,101.0,136.0,395.0,0.0,1658.19260415154
217,['C1'],347.0,544.0,76.0,86.0,153.0,315.0,0.0,1408.606919439761
221,['C1'],789.0,429.0,218.0,73.0,60.0,351.0,0.0,1777.6867216532646
228,['C1'],70.0,48.0,22.0,10.0,10.0,42.0,0.0,1573.2363605693117
229,['C1'],322.0,426.0,71.0,60.0,113.0,244.0,0.0,1529.283496872944
232,['C1'],325.0,302.0,85.0,55.0,83.0,223.0,0.0,1565.6064095805823
233,['C1'],441.0,506.0,103.0,82.0,130.0,315.0,0.0,1433.4359756038007
238,['C1'],627.0,450.0,169.0,87.0,95.0,351.0,0.0,1691.5714368992465
274,['C1'],582.0,475.0,144.0,90.0,116.0,350.0,0.0,1573.0626108532867
359,['C1'],61.0,80.0,15.0,6.0,22.0,43.0,0.0,1433.787167898679
444,['C1'],394.0,534.0,86.0,72.0,154.0,312.0,0.0,1429.2898442347557
564,['C1'],198.0,179.0,46.0,30.0,42.0,118.0,0.0,1515.6235232981956
679,['C1'],64.0,106.0,14.0,10.0,33.0,57.0,0.0,1400.791887359332
107,['D1'],639.0,391.0,186.0,91.0,85.0,362.0,0.0,1644.6019087757886
457,['D1'],592.0,429.0,166.0,98.0,97.0,361.0,0.0,1662.351653536978
6,['D1'],533.0,467.0,154.0,93.0,115.0,362.0,0.0,1550.0272581783568
8,['D1'],377.0,497.0,84.0,66.0,145.0,295.0,0.0,1471.6347981147478
17,['D1'],163.0,194.0,39.0,38.0,53.0,130.0,0.0,1443.805706506671
226,['D1'],650.0,305.0,220.0,87.0,55.0,362.0,0.0,1823.7437257016272
312,['D1'],101.0,190.0,20.0,23.0,54.0,97.0,0.0,1372.0575738531704
390,['D1'],136.0,260.0,26.0,33.0,70.0,129.0,0.0,1388.6876194919596
579,['D1'],164.0,294.0,34.0,43.0,87.0,164.0,0.0,1466.2448870539151
647,['D1'],367.0,406.0,84.0,65.0,113.0,262.0,0.0,1391.5632464157763
419,['D1'],563.0,469.0,160.0,93.0,109.0,362.0,0.0,1602.4154783796146
575,['D1'],348.0,401.0,83.0,68.0,112.0,263.0,0.0,1510.5730713272396
462,['F1'],688.0,351.0,232.0,110.0,67.0,409.0,0.0,1788.2792758182763
563,['F1' 'F2'],493.0,467.0,141.0,141.0,126.0,408.0,0.0,1503.3370129595248
386,['F2' 'F1'],504.0,458.0,155.0,129.0,127.0,411.0,0.0,1622.3987241706473
424,['F1'],507.0,439.0,149.0,130.0,128.0,407.0,0.0,1597.6763220493133
441,['F1' 'F2'],443.0,459.0,144.0,114.0,150.0,408.0,0.0,1428.761346003131
447,['F2'],187.0,235.0,52.0,60.0,76.0,188.0,0.0,1370.842779347071
463,['F1'],553.0,428.0,187.0,105.0,116.0,408.0,0.0,1811.9701614091396
587,['F1' 'F2'],441.0,458.0,140.0,122.0,150.0,412.0,0.0,1558.3441004635388
0,['F2' 'F1'],413.0,487.0,135.0,123.0,158.0,416.0,0.0,1511.0275127996413
4,['F2'],92.0,97.0,31.0,42.0,39.0,112.0,0.0,1405.4387646920784
9,['N1'],487.0,544.0,149.0,100.0,168.0,417.0,0.0,1549.234244008999
37,['F2'],273.0,296.0,81.0,91.0,93.0,265.0,0.0,1512.03676398758
62,['F1'],470.0,424.0,166.0,114.0,128.0,408.0,0.0,1695.4201966875132
95,['F1'],527.0,397.0,179.0,123.0,107.0,409.0,0.0,1675.2649417151667
120,['F2' 'F1'],530.0,486.0,154.0,135.0,123.0,412.0,0.0,1586.3436774286472
124,['F2'],43.0,64.0,8.0,9.0,20.0,37.0,0.0,1417.8410586748387
134,['N1'],952.0,323.0,315.0,58.0,44.0,417.0,0.0,1948.574247560749
138,['F2'],295.0,311.0,80.0,84.0,99.0,263.0,0.0,1379.0128695609244
141,['F2'],476.0,485.0,140.0,128.0,147.0,415.0,0.0,1408.9042471164375
185,['N1'],488.0,623.0,127.0,120.0,168.0,415.0,0.0,1744.9844304550124
186,['N1' 'N2'],474.0,582.0,138.0,100.0,170.0,408.0,0.0,1658.6035136933717
223,['N1' 'N2'],506.0,512.0,146.0,115.0,143.0,404.0,0.0,1677.8843520445478
230,['F1' 'F2'],426.0,462.0,133.0,119.0,154.0,406.0,0.0,1477.042817415361
269,['N1'],869.0,331.0,286.0,74.0,57.0,417.0,0.0,1956.9542330370614
283,['F2'],305.0,368.0,84.0,104.0,114.0,302.0,0.0,1342.7015836398753
285,['F1' 'F2'],412.0,434.0,117.0,116.0,137.0,370.0,0.0,1435.0547067745583
315,['N1'],574.0,581.0,152.0,101.0,164.0,417.0,0.0,1564.0653489377073
350,['N1'],503.0,616.0,144.0,92.0,181.0,417.0,0.0,1591.5748661935625
362,['F2' 'F1'],484.0,471.0,149.0,120.0,146.0,415.0,0.0,1430.7847011033202
363,['F2' 'F1'],471.0,486.0,145.0,129.0,142.0,416.0,0.0,1517.5458742974533
370,['F1' 'F2'],469.0,450.0,144.0,135.0,128.0,407.0,0.0,1527.1787470037702
377,['F1'],540.0,393.0,174.0,131.0,104.0,409.0,0.0,1801.1350912486682
415,['F2'],61.0,98.0,15.0,25.0,35.0,75.0,0.0,1377.8576897357705
427,['F2' 'F1'],459.0,464.0,147.0,116.0,149.0,412.0,0.0,1614.8465042604757
433,['N1'],506.0,623.0,135.0,93.0,188.0,416.0,0.0,1627.8382183028853
446,['F2' 'F1'],432.0,456.0,140.0,137.0,139.0,416.0,0.0,1584.236597658817
482,['F1'],499.0,423.0,155.0,129.0,125.0,409.0,0.0,1657.8797918910707
528,['F1'],486.0,452.0,155.0,111.0,142.0,408.0,0.0,1628.6011945197479
543,['F1' 'F2'],408.0,459.0,123.0,89.0,158.0,370.0,0.0,1405.4560340415105
578,['F2' 'F1'],485.0,456.0,153.0,118.0,139.0,410.0,0.0,1617.3523363621846
589,['N1' 'N2'],403.0,547.0,117.0,118.0,169.0,404.0,0.0,1496.3216309734737
600,['F1' 'F2'],410.0,468.0,119.0,115.0,139.0,373.0,0.0,1447.4708263435198
616,['F1' 'F2'],380.0,391.0,125.0,110.0,138.0,373.0,0.0,1590.9541443376563
623,['F1' 'F2'],405.0,459.0,119.0,105.0,146.0,370.0,0.0,1387.192845462616
628,['F2'],271.0,298.0,69.0,101.0,95.0,265.0,0.0,1422.9290172157398
657,['F2'],106.0,133.0,28.0,40.0,45.0,113.0,0.0,1378.6261117175811
306,['N1'],555.0,485.0,177.0,102.0,137.0,416.0,0.0,1710.549513042481
360,['F2'],343.0,388.0,96.0,83.0,123.0,302.0,0.0,1423.6637820890614
440,['F2' 'F1'],457.0,441.0,147.0,127.0,141.0,415.0,0.0,1597.1363372158792
588,['N1' 'N2'],524.0,487.0,152.0,116.0,133.0,401.0,0.0,1636.8162753587578
14,['N2' 'N3'],548.0,518.0,143.0,110.0,140.0,393.0,0.0,1464.858763277233
23,['N4'],530.0,581.0,139.0,93.0,161.0,393.0,0.0,1347.063632421193
29,['N2' 'N3'],525.0,652.0,126.0,100.0,166.0,392.0,0.0,1398.1581357713678
43,['N3' 'N2' 'N4'],548.0,590.0,145.0,86.0,162.0,393.0,0.0,1405.1027377043843
65,['N2' 'N3'],550.0,561.0,144.0,106.0,143.0,393.0,0.0,1487.5588908002615
79,['N3' 'N4'],530.0,592.0,145.0,94.0,153.0,392.0,0.0,1287.8164356294853
100,['N4' 'N3' 'N2'],631.0,542.0,168.0,94.0,131.0,393.0,0.0,1509.04593249729
154,['N2' 'N3' 'N4'],507.0,516.0,141.0,111.0,139.0,391.0,0.0,1269.5769857907392
155,['N3'],84.0,86.0,26.0,19.0,26.0,71.0,0.0,1496.3206026799896
162,['N4' 'N3' 'N2'],586.0,540.0,160.0,94.0,138.0,392.0,0.0,1447.3588346495362
184,['N4' 'N3'],538.0,547.0,150.0,79.0,164.0,393.0,0.0,1397.4455414644983
188,['N4' 'N3'],581.0,516.0,163.0,83.0,147.0,393.0,0.0,1462.4628908788088
189,['N4'],425.0,832.0,101.0,51.0,243.0,395.0,0.0,1239.6814488726716
196,['N4'],471.0,723.0,106.0,77.0,211.0,394.0,0.0,1229.4142310680775
240,['N2' 'N1'],544.0,536.0,155.0,97.0,151.0,403.0,0.0,1558.4536112307396
247,['N3' 'N4'],531.0,593.0,137.0,92.0,163.0,392.0,0.0,1460.4316240257667
276,['N2' 'N3' 'N4'],560.0,517.0,157.0,96.0,139.0,392.0,0.0,1481.1717134149048
291,['N4' 'N3' 'N2' 'N1'],516.0,467.0,155.0,106.0,135.0,396.0,0.0,1533.1531203719217
324,['N2' 'N1'],614.0,509.0,161.0,102.0,142.0,405.0,0.0,1657.2960149148532
380,['N2' 'N1' 'N4' 'N3'],559.0,561.0,150.0,93.0,158.0,401.0,0.0,1623.0014085973312
428,['N4'],461.0,605.0,118.0,90.0,185.0,393.0,0.0,1213.4365136659792
484,['N3' 'N2' 'N1'],506.0,517.0,146.0,96.0,154.0,396.0,0.0,1532.4526561802554
489,['N4' 'N3'],651.0,531.0,168.0,88.0,136.0,392.0,0.0,1347.7510185478113
508,['N3' 'N2'],513.0,523.0,145.0,105.0,143.0,393.0,0.0,1553.9268680565788
509,['N3' 'N4'],481.0,504.0,135.0,94.0,165.0,394.0,0.0,1371.7193180254567
516,['N2' 'N3'],502.0,518.0,143.0,94.0,156.0,393.0,0.0,1572.2625503874028
538,['N2' 'N3'],505.0,481.0,138.0,113.0,140.0,391.0,0.0,1531.1176855693855
594,['N3' 'N4'],525.0,587.0,132.0,91.0,168.0,391.0,0.0,1361.052674931808
596,['N3' 'N4' 'N2'],579.0,592.0,141.0,107.0,145.0,393.0,0.0,1393.9059184299606
599,['N3' 'N4' 'N2'],564.0,596.0,140.0,103.0,146.0,389.0,0.0,1324.0825807347844
41,['P1'],239.0,288.0,57.0,63.0,81.0,201.0,0.0,1540.0470736719685
81,['P1'],580.0,353.0,184.0,81.0,70.0,335.0,0.0,1701.7703933465843
84,['E2' 'E1'],521.0,533.0,165.0,125.0,157.0,447.0,0.0,1603.335273528905
156,['E3' 'E2'],637.0,644.0,175.0,143.0,182.0,500.0,0.0,1470.0737748971396
183,['G1'],595.0,442.0,168.0,107.0,97.0,372.0,0.0,1784.622401978822
198,['G1' 'G2'],464.0,555.0,126.0,86.0,159.0,371.0,0.0,1509.6149341526439
253,['E2' 'E1'],517.0,528.0,145.0,122.0,156.0,423.0,0.0,1669.5198920434366
539,['E3' 'E2' 'E4'],639.0,660.0,175.0,143.0,184.0,502.0,0.0,1416.152311325868
7,['B1'],65.0,130.0,12.0,17.0,38.0,67.0,0.0,1335.4131853693405
36,['B1'],780.0,311.0,242.0,75.0,43.0,360.0,0.0,1861.5079168732743
38,['P1'],460.0,504.0,118.0,82.0,136.0,336.0,0.0,1523.8826528599661
42,['B1'],158.0,232.0,34.0,30.0,69.0,133.0,0.0,1375.7671625852693
69,['E4'],380.0,485.0,90.0,88.0,142.0,320.0,0.0,1305.5587592262964
70,['E2' 'E3'],599.0,713.0,155.0,147.0,200.0,502.0,0.0,1495.581508729469
72,['G1'],752.0,363.0,226.0,83.0,63.0,372.0,0.0,1840.9775805519462
82,['B1'],260.0,458.0,55.0,47.0,132.0,234.0,0.0,1362.5463537926366
86,['E2' 'E1'],538.0,550.0,156.0,116.0,151.0,423.0,0.0,1642.143994520552
87,['E4' 'E3' 'E2' 'E1'],667.0,681.0,169.0,141.0,183.0,493.0,0.0,1571.8040036576738
92,['G1' 'G2'],528.0,563.0,135.0,94.0,143.0,372.0,0.0,1574.0364160459674
94,['E2' 'E1'],516.0,579.0,144.0,118.0,161.0,423.0,0.0,1607.3057337079224
97,['E3' 'E4'],680.0,621.0,190.0,136.0,175.0,501.0,0.0,1504.479681553159
101,['E3' 'E4'],624.0,647.0,186.0,141.0,176.0,503.0,0.0,1481.985674825086
104,['E4' 'E3' 'E2'],631.0,598.0,194.0,135.0,174.0,503.0,0.0,1611.2937270033551
105,['E3' 'E2'],699.0,586.0,213.0,140.0,150.0,503.0,0.0,1547.646605586351
110,['E2' 'E1'],618.0,688.0,177.0,130.0,188.0,495.0,0.0,1561.1631621042523
113,['E3' 'E4'],596.0,634.0,176.0,142.0,184.0,502.0,0.0,1486.9063410146307
122,['E3' 'E4'],265.0,362.0,59.0,65.0,101.0,225.0,0.0,1336.4149218924235
126,['E4' 'E3' 'E2'],739.0,587.0,210.0,146.0,147.0,503.0,0.0,1639.15346618235
128,['E4' 'E3'],567.0,604.0,157.0,120.0,180.0,457.0,0.0,1449.1508034300687
139,['B1'],431.0,544.0,119.0,86.0,156.0,361.0,0.0,1409.538638792075
143,['E4' 'E3'],601.0,707.0,158.0,151.0,195.0,504.0,0.0,1312.2791467428424
145,['E4' 'E3'],664.0,658.0,183.0,137.0,183.0,503.0,0.0,1499.1622383559084
164,['E2' 'E3' 'E4'],675.0,768.0,161.0,127.0,215.0,503.0,0.0,1384.776600400732
170,['E4'],539.0,573.0,154.0,123.0,180.0,457.0,0.0,1287.0730178326926
175,['P1'],388.0,428.0,96.0,82.0,124.0,302.0,0.0,1436.0343628367891
203,['P1'],35.0,77.0,5.0,6.0,22.0,33.0,0.0,1377.7635352243622
215,['E4' 'E3'],315.0,374.0,90.0,83.0,101.0,274.0,0.0,1509.4336225875654
250,['G1' 'G2'],496.0,533.0,144.0,88.0,139.0,371.0,0.0,1587.8733242216792
254,['P1'],625.0,356.0,199.0,62.0,76.0,337.0,0.0,1608.7676641557475
259,['B1'],638.0,462.0,176.0,88.0,96.0,360.0,0.0,1678.0004560759328
261,['B1'],579.0,451.0,170.0,86.0,104.0,360.0,0.0,1701.4833411204868
262,['B1'],489.0,487.0,127.0,95.0,138.0,360.0,0.0,1488.7455371288468
266,['E2' 'E3' 'E4'],593.0,716.0,166.0,138.0,199.0,503.0,0.0,1447.6144903707677
280,['E2' 'E3' 'E4'],516.0,670.0,134.0,123.0,200.0,457.0,0.0,1296.4932700440825
289,['E4'],91.0,150.0,20.0,22.0,49.0,91.0,0.0,1351.6052655438336
290,['G1'],547.0,491.0,153.0,99.0,120.0,372.0,0.0,1645.6850884272505
304,['B1'],33.0,75.0,8.0,4.0,21.0,33.0,0.0,1417.7202527152995
305,['E4' 'E3'],704.0,651.0,197.0,128.0,176.0,501.0,0.0,1427.3847333631645
313,['G1' 'G2'],560.0,489.0,158.0,87.0,126.0,371.0,0.0,1626.1767291583371
318,['E2' 'E3' 'E4'],689.0,635.0,203.0,139.0,159.0,501.0,0.0,1641.62920795952
320,['E4' 'E3' 'E2' 'E1'],610.0,595.0,174.0,145.0,167.0,486.0,0.0,1543.434608959319
336,['G1' 'G2'],520.0,530.0,141.0,90.0,140.0,371.0,0.0,1613.6313939481372
349,['E4'],247.0,315.0,71.0,59.0,99.0,229.0,0.0,1314.3518998914526
352,['P1'],181.0,252.0,37.0,27.0,71.0,135.0,0.0,1389.421956439423
373,['G1'],674.0,483.0,175.0,87.0,110.0,372.0,0.0,1753.4688366608088
374,['E4' 'E3'],620.0,681.0,171.0,146.0,185.0,502.0,0.0,1495.9363872208992
376,['B1'],318.0,432.0,74.0,71.0,120.0,265.0,0.0,1405.5705785278103
378,['E4'],616.0,644.0,173.0,148.0,184.0,505.0,0.0,1291.3301749227924
383,['B1'],466.0,470.0,127.0,111.0,123.0,361.0,0.0,1559.9338092621867
387,['B1'],221.0,293.0,51.0,64.0,86.0,201.0,0.0,1407.0077032948561
389,['E3' 'E4' 'E2'],583.0,574.0,150.0,107.0,152.0,409.0,0.0,1371.7174776382728
398,['E4'],574.0,708.0,152.0,145.0,205.0,502.0,0.0,1339.4906462576678
410,['E4' 'E3'],490.0,536.0,125.0,85.0,154.0,364.0,0.0,1315.1362013474309
416,['B1'],218.0,338.0,55.0,47.0,89.0,191.0,0.0,1572.9748421837903
420,['E3' 'E2'],654.0,576.0,210.0,122.0,169.0,501.0,0.0,1592.0377797566657
435,['G1' 'G2'],493.0,521.0,133.0,97.0,142.0,372.0,0.0,1501.728569859189
449,['E3' 'E4'],615.0,648.0,176.0,138.0,189.0,503.0,0.0,1379.3607068613485
450,['E2' 'E1' 'E3'],675.0,631.0,203.0,114.0,177.0,494.0,0.0,1682.1666335573161
451,['E2' 'E3'],665.0,557.0,192.0,155.0,156.0,503.0,0.0,1635.3440163425303
452,['E3' 'E4'],608.0,672.0,157.0,145.0,201.0,503.0,0.0,1419.7766068633719
458,['E3'],661.0,635.0,178.0,159.0,167.0,504.0,0.0,1437.6971476456129
469,['E3' 'E4'],366.0,429.0,98.0,88.0,133.0,319.0,0.0,1377.5070036747009
494,['E4' 'E3' 'E2'],619.0,596.0,188.0,130.0,183.0,501.0,0.0,1403.5715662909852
499,['E3' 'E4'],591.0,661.0,171.0,118.0,212.0,501.0,0.0,1387.7885225769312
503,['E2' 'E1'],547.0,611.0,145.0,122.0,180.0,447.0,0.0,1536.7379677206973
504,['E2'],687.0,652.0,195.0,137.0,172.0,504.0,0.0,1456.1396988197782
520,['E3' 'E2' 'E1'],727.0,534.0,225.0,122.0,139.0,486.0,0.0,1653.231908600498
532,['P1'],231.0,265.0,68.0,47.0,88.0,203.0,0.0,1517.4696165475143
533,['E4' 'E3'],714.0,605.0,195.0,149.0,157.0,501.0,0.0,1495.9602180929073
562,['E4' 'E3' 'E2'],713.0,678.0,188.0,135.0,179.0,502.0,0.0,1437.2771067696806
569,['E2' 'E1'],630.0,591.0,197.0,131.0,167.0,495.0,0.0,1475.6017655507187
570,['E2' 'E3'],606.0,702.0,157.0,139.0,206.0,502.0,0.0,1445.4552097362139
571,['E4'],587.0,572.0,156.0,137.0,165.0,458.0,0.0,1465.2438642269356
574,['P1'],46.0,79.0,6.0,6.0,21.0,33.0,0.0,1407.8790183580008
581,['E4' 'E3' 'E2'],625.0,640.0,183.0,127.0,193.0,503.0,0.0,1395.0164645177592
591,['B1'],396.0,498.0,102.0,75.0,149.0,326.0,0.0,1470.238908478249
593,['B1'],638.0,360.0,192.0,94.0,75.0,361.0,0.0,1673.2018892875797
597,['E2' 'E3' 'E4'],606.0,831.0,133.0,135.0,232.0,500.0,0.0,1258.8936850318307
598,['E3' 'E2' 'E1'],580.0,556.0,183.0,128.0,165.0,476.0,0.0,1643.5034478830325
604,['E3' 'E4' 'E2'],666.0,595.0,193.0,145.0,165.0,503.0,0.0,1642.3291104261805
605,['E3' 'E4'],646.0,665.0,174.0,148.0,180.0,502.0,0.0,1416.0670976407948
614,['E4' 'E3'],517.0,567.0,125.0,132.0,153.0,410.0,0.0,1419.6576534706453
619,['E2' 'E3'],625.0,634.0,186.0,135.0,182.0,503.0,0.0,1443.204750623542
631,['G1' 'G2'],224.0,289.0,62.0,45.0,93.0,200.0,0.0,1398.3893642115045
646,['G1'],572.0,464.0,165.0,96.0,110.0,371.0,0.0,1672.0763190582088
655,['E3' 'E2' 'E4'],633.0,673.0,174.0,137.0,191.0,502.0,0.0,1440.7543287085605
658,['E2' 'E1'],669.0,691.0,170.0,136.0,188.0,494.0,0.0,1506.4380729701845
660,['G1'],714.0,485.0,187.0,79.0,106.0,372.0,0.0,1657.1702820039204
661,['E2' 'E1'],629.0,598.0,183.0,116.0,163.0,462.0,0.0,1677.8521930812392
663,['B1'],466.0,496.0,131.0,85.0,144.0,360.0,0.0,1569.7254313822648
665,['E3' 'E2' 'E1'],551.0,538.0,171.0,132.0,150.0,453.0,0.0,1597.2735989405246
667,['E2'],251.0,269.0,61.0,46.0,76.0,183.0,0.0,1363.9502041329079
668,['G1'],576.0,539.0,140.0,91.0,142.0,373.0,0.0,1630.3383576374176
669,['E2' 'E1'],630.0,585.0,184.0,143.0,152.0,479.0,0.0,1609.1297353273567
670,['E3' 'E4'],458.0,536.0,119.0,95.0,152.0,366.0,0.0,1296.7785824219782
671,['E3' 'E4'],626.0,609.0,175.0,162.0,165.0,502.0,0.0,1493.5099911483542
676,['E4'],182.0,244.0,56.0,51.0,75.0,182.0,0.0,1335.729972203579
678,['P1'],101.0,110.0,19.0,19.0,29.0,67.0,0.0,1430.4415662593653
12,['P1'],127.0,217.0,17.0,24.0,60.0,101.0,0.0,1359.005404190549
106,['E3' 'E4'],589.0,665.0,157.0,141.0,205.0,503.0,0.0,1391.5876914593323
111,['P1'],370.0,348.0,107.0,65.0,94.0,266.0,0.0,1703.074695013985
150,['B1'],732.0,373.0,218.0,72.0,71.0,361.0,0.0,1695.5532560499037
167,['E2' 'E1'],624.0,618.0,171.0,138.0,185.0,494.0,0.0,1483.6442531134358
192,['G1' 'G2'],491.0,558.0,125.0,95.0,151.0,371.0,0.0,1526.800937421125
227,['G1' 'G2'],513.0,565.0,130.0,91.0,150.0,371.0,0.0,1592.8325296231912
242,['P1'],716.0,340.0,219.0,60.0,58.0,337.0,0.0,1825.6335031453123
257,['P1'],470.0,445.0,137.0,85.0,115.0,337.0,0.0,1613.8542533414745
258,['P1'],473.0,450.0,127.0,84.0,124.0,335.0,0.0,1530.5643020765488
293,['G1' 'G2'],397.0,487.0,106.0,83.0,149.0,338.0,0.0,1419.6683427012954
329,['P1'],198.0,241.0,51.0,43.0,74.0,168.0,0.0,1428.4117349729663
434,['B1'],444.0,433.0,109.0,68.0,125.0,302.0,0.0,1502.190759525007
488,['E3' 'E4' 'E2'],719.0,665.0,184.0,129.0,189.0,502.0,0.0,1545.1911669892927
510,['E2' 'E3'],640.0,610.0,181.0,157.0,164.0,502.0,0.0,1645.0065960804575
553,['P1'],254.0,320.0,63.0,50.0,90.0,203.0,0.0,1483.4202613119294
559,['G1'],559.0,403.0,179.0,93.0,101.0,373.0,0.0,1641.712899749487
618,['P1'],558.0,384.0,172.0,74.0,89.0,335.0,0.0,1778.9236995227711
48,['E1'],813.0,395.0,244.0,106.0,66.0,416.0,0.0,1854.4458822252957
379,['E1'],682.0,373.0,220.0,100.0,96.0,416.0,0.0,1791.8373620920534
98,['E1' 'E2' 'E3' 'E4'],575.0,706.0,151.0,128.0,215.0,494.0,0.0,1344.3673543241398
142,['E1'],777.0,325.0,255.0,94.0,67.0,416.0,0.0,1907.6953444167748
326,['E1' 'E2'],700.0,658.0,189.0,131.0,168.0,488.0,0.0,1544.5053851492619
406,['E1'],823.0,341.0,273.0,78.0,64.0,415.0,0.0,1964.7502879556368
418,['E1' 'E2'],508.0,564.0,134.0,122.0,175.0,431.0,0.0,1560.4819750914933
615,['E1'],581.0,551.0,164.0,105.0,148.0,417.0,0.0,1785.7782698758222
140,['E1' 'E2' 'E3'],539.0,629.0,145.0,126.0,175.0,446.0,0.0,1482.1163351460327
161,['E1' 'E2'],573.0,673.0,154.0,134.0,207.0,495.0,0.0,1480.2781991108516
178,['E1' 'E2'],541.0,720.0,143.0,117.0,216.0,476.0,0.0,1459.6353448244613
212,['E1'],533.0,514.0,159.0,115.0,142.0,416.0,0.0,1779.6529944438407
281,['I1'],510.0,555.0,139.0,81.0,153.0,373.0,0.0,1590.0731274785066
367,['E1' 'E2' 'E3'],598.0,583.0,166.0,151.0,160.0,477.0,0.0,1612.605657763097
405,['E1' 'E2'],603.0,533.0,168.0,98.0,158.0,424.0,0.0,1793.314770725584
438,['I1'],464.0,551.0,120.0,102.0,151.0,373.0,0.0,1489.1403064553053
445,['E1' 'E2'],595.0,549.0,166.0,118.0,140.0,424.0,0.0,1683.086798994219
580,['E1' 'E2' 'E3'],614.0,584.0,165.0,137.0,160.0,462.0,0.0,1656.9741625715924
602,['E1' 'E2'],498.0,582.0,152.0,99.0,189.0,440.0,0.0,1604.340720490038
662,['E1' 'E2'],525.0,607.0,144.0,113.0,175.0,432.0,0.0,1554.0826847144488
208,['M1'],161.0,277.0,43.0,52.0,96.0,191.0,0.0,1472.296563545283
584,['M1'],448.0,363.0,152.0,103.0,97.0,352.0,0.0,1700.2914170765162
5,['I1'],663.0,474.0,184.0,78.0,110.0,372.0,0.0,1696.9849139311066
123,['M1'],28.0,57.0,7.0,10.0,16.0,33.0,0.0,1438.8302690105497
171,['I1'],240.0,461.0,51.0,52.0,134.0,237.0,0.0,1400.3358162060588
246,['I1'],58.0,130.0,11.0,15.0,41.0,67.0,0.0,1331.2297881439713
284,['M1'],354.0,381.0,114.0,86.0,122.0,322.0,0.0,1566.7039784330975
307,['I1'],658.0,533.0,161.0,88.0,122.0,371.0,0.0,1509.4142390875763
365,['E1' 'E2' 'E3'],667.0,577.0,201.0,116.0,153.0,470.0,0.0,1621.9075137920827
437,['I1'],505.0,567.0,138.0,93.0,142.0,373.0,0.0,1503.2631411810596
534,['I1'],586.0,548.0,146.0,94.0,133.0,373.0,0.0,1571.490877394331
537,['I1'],161.0,354.0,35.0,25.0,108.0,168.0,0.0,1292.6802464546672
551,['M1'],69.0,126.0,20.0,10.0,37.0,67.0,0.0,1402.3417341748595
586,['M1'],580.0,312.0,200.0,78.0,73.0,351.0,0.0,1702.7687836060225
653,['I1'],342.0,435.0,87.0,54.0,129.0,270.0,0.0,1329.268446795188
666,['I1'],476.0,676.0,104.0,82.0,187.0,373.0,0.0,1312.5786326158257
15,['I1'],898.0,385.0,245.0,66.0,62.0,373.0,0.0,1819.1612910897102
32,['M1'],117.0,168.0,29.0,17.0,55.0,101.0,0.0,1403.2470551925117
51,['E1'],536.0,524.0,147.0,136.0,133.0,416.0,0.0,1715.4887962703062
64,['M1'],53.0,109.0,9.0,17.0,37.0,63.0,0.0,1375.6504550028014
73,['M1'],258.0,342.0,61.0,68.0,99.0,228.0,0.0,1432.4019599642695
75,['M1'],380.0,414.0,109.0,84.0,130.0,323.0,0.0,1442.8867827719262
77,['M1'],648.0,315.0,210.0,83.0,58.0,351.0,0.0,1808.543195616737
241,['M1'],66.0,109.0,17.0,16.0,34.0,67.0,0.0,1396.1635044276302
244,['I1'],743.0,466.0,198.0,79.0,96.0,373.0,0.0,1607.7443136773845
471,['I1'],848.0,288.0,252.0,79.0,40.0,371.0,0.0,1817.6371793368749
472,['M1'],359.0,437.0,98.0,92.0,129.0,319.0,0.0,1524.018021460817
501,['M1'],695.0,241.0,252.0,60.0,41.0,353.0,0.0,1939.6375986190699
582,['I1'],268.0,469.0,54.0,55.0,128.0,237.0,0.0,1384.2407772033148
625,['I1'],580.0,427.0,177.0,96.0,100.0,373.0,0.0,1806.2401521831214
632,['I1'],530.0,509.0,147.0,96.0,130.0,373.0,0.0,1566.6648333208066
651,['I1'],496.0,567.0,122.0,100.0,151.0,373.0,0.0,1449.0552080862117
91,['M1'],316.0,249.0,106.0,87.0,70.0,263.0,0.0,1535.435395351493
368,['M1'],369.0,403.0,105.0,98.0,119.0,322.0,0.0,1458.763542408132
265,['M1'],230.0,271.0,64.0,43.0,95.0,202.0,0.0,1486.5816641141005
412,['M1'],406.0,404.0,126.0,93.0,133.0,352.0,0.0,1536.1025243110832
55,['O2' 'O1'],622.0,514.0,183.0,103.0,138.0,424.0,0.0,1657.081914139663
263,['O2' 'O1'],480.0,492.0,133.0,108.0,148.0,389.0,0.0,1592.7319431066906
526,['O2' 'O1'],495.0,467.0,155.0,155.0,132.0,442.0,0.0,1520.060887787312
626,['O2'],34.0,63.0,8.0,14.0,19.0,41.0,0.0,1437.491037608286
21,['O2' 'O1'],474.0,537.0,142.0,135.0,172.0,449.0,0.0,1347.2226003654584
35,['K2' 'K1'],279.0,339.0,73.0,53.0,103.0,229.0,0.0,1391.7111702982727
67,['O2'],111.0,161.0,35.0,36.0,54.0,125.0,0.0,1372.0978092243126
121,['K2' 'K1'],529.0,556.0,132.0,135.0,154.0,421.0,0.0,1593.1489019698304
146,['K2' 'K1'],505.0,481.0,146.0,127.0,134.0,407.0,0.0,1595.7075479400721
147,['K2'],243.0,250.0,60.0,69.0,70.0,199.0,0.0,1469.2696518703292
158,['O2'],93.0,123.0,24.0,24.0,35.0,83.0,0.0,1470.3055712836554
159,['O2'],397.0,442.0,115.0,117.0,143.0,375.0,0.0,1449.3597209589464
160,['K2'],124.0,155.0,39.0,23.0,51.0,113.0,0.0,1389.365549786355
165,['K2'],327.0,376.0,88.0,77.0,118.0,283.0,0.0,1443.120104204763
191,['O2'],300.0,333.0,95.0,116.0,123.0,334.0,0.0,1343.7803580109085
195,['O2'],557.0,561.0,159.0,138.0,164.0,461.0,0.0,1559.346266717445
197,['K2' 'K1'],507.0,505.0,152.0,126.0,145.0,423.0,0.0,1477.6611561272543
216,['O2'],77.0,94.0,26.0,21.0,35.0,82.0,0.0,1430.4851927795828
243,['O2'],288.0,334.0,70.0,77.0,102.0,249.0,0.0,1389.211661957713
260,['K2' 'K1'],531.0,470.0,144.0,128.0,120.0,392.0,0.0,1651.4013314551332
331,['O2'],66.0,92.0,25.0,23.0,35.0,83.0,0.0,1416.2501615194506
366,['O2'],164.0,183.0,42.0,67.0,58.0,167.0,0.0,1420.2130062924086
372,['O2' 'O1'],533.0,558.0,156.0,137.0,149.0,442.0,0.0,1573.7654839641523
382,['O2'],128.0,172.0,29.0,33.0,62.0,124.0,0.0,1388.647775087111
429,['K2'],39.0,74.0,9.0,4.0,24.0,37.0,0.0,1403.4539825827178
436,['O2' 'O1'],452.0,479.0,134.0,120.0,156.0,410.0,0.0,1451.2591086996715
487,['K2'],239.0,359.0,57.0,74.0,119.0,250.0,0.0,1371.4861039984178
490,['K2' 'K1'],525.0,540.0,154.0,119.0,169.0,442.0,0.0,1414.3897282958624
492,['K2'],81.0,101.0,17.0,22.0,35.0,74.0,0.0,1395.2301730677368
519,['K2'],79.0,137.0,12.0,22.0,44.0,78.0,0.0,1330.0732031811385
521,['O2' 'O1'],558.0,499.0,161.0,137.0,128.0,426.0,0.0,1625.5313302450395
549,['O2'],494.0,501.0,135.0,131.0,151.0,417.0,0.0,1425.3129215305685
567,['O2' 'O1'],626.0,473.0,199.0,92.0,129.0,420.0,0.0,1683.6271152848278
573,['K2' 'K1'],457.0,513.0,122.0,144.0,148.0,414.0,0.0,1575.876118645359
585,['O2' 'O1'],527.0,512.0,163.0,131.0,153.0,447.0,0.0,1570.3577805887312
607,['O2' 'O1'],536.0,564.0,152.0,139.0,158.0,449.0,0.0,1434.4208316317117
608,['K2'],298.0,285.0,77.0,93.0,72.0,242.0,0.0,1388.8208900647344
613,['K2' 'K1'],464.0,481.0,152.0,129.0,150.0,431.0,0.0,1512.1008979314465
620,['K2' 'K1'],292.0,367.0,70.0,97.0,121.0,288.0,0.0,1342.7540201726702
644,['K2' 'K1'],197.0,261.0,50.0,62.0,83.0,195.0,0.0,1333.6635381784608
550,['K2'],292.0,409.0,73.0,76.0,135.0,284.0,0.0,1284.1269266800432
552,['K2' 'K1'],507.0,468.0,149.0,131.0,131.0,411.0,0.0,1590.8315698401852
54,['O1'],552.0,609.0,147.0,105.0,164.0,416.0,0.0,1634.7784457277885
219,['O1'],870.0,396.0,248.0,95.0,72.0,415.0,0.0,1970.966562513901
356,['O1'],548.0,493.0,177.0,103.0,136.0,416.0,0.0,1576.5039033137175
400,['O1' 'O2'],524.0,586.0,141.0,114.0,167.0,422.0,0.0,1580.4166576708053
403,['O1'],543.0,591.0,152.0,104.0,160.0,416.0,0.0,1587.7625461766359
454,['O1' 'O2'],535.0,580.0,160.0,112.0,176.0,448.0,0.0,1482.1902936987653
522,['O1'],882.0,446.0,264.0,73.0,79.0,416.0,0.0,1908.0500068190565
556,['O1' 'O2'],499.0,583.0,136.0,112.0,172.0,420.0,0.0,1570.1361654577447
635,['O1'],640.0,435.0,207.0,102.0,108.0,417.0,0.0,1749.3762340114993
637,['O1' 'O2'],535.0,574.0,150.0,119.0,163.0,432.0,0.0,1547.6517055092554
20,['O1' 'O2'],409.0,470.0,125.0,92.0,141.0,358.0,0.0,1393.9089280929084
133,['O1' 'O2'],548.0,521.0,162.0,127.0,144.0,433.0,0.0,1511.1554909903384
206,['O1'],487.0,574.0,139.0,102.0,175.0,416.0,0.0,1561.5154437826666
358,['O1' 'O2'],432.0,505.0,110.0,121.0,137.0,368.0,0.0,1462.530251089459
466,['O1'],461.0,526.0,134.0,110.0,172.0,416.0,0.0,1582.2220105110114
468,['O1' 'O2'],128.0,164.0,33.0,39.0,48.0,120.0,0.0,1405.4801501374457
524,['O1' 'O2'],549.0,563.0,158.0,112.0,157.0,427.0,0.0,1570.5703554401186
638,['O1' 'O2'],368.0,387.0,94.0,84.0,102.0,280.0,0.0,1572.296923968402
649,['O1'],597.0,519.0,179.0,106.0,132.0,417.0,0.0,1694.4312099376527
680,['O1' 'O2'],552.0,574.0,144.0,125.0,153.0,422.0,0.0,1594.5897757301068
477,['H1'],573.0,229.0,214.0,65.0,46.0,325.0,0.0,1814.07927786584
479,['H1'],378.0,386.0,113.0,96.0,114.0,323.0,0.0,1562.4349004957946
3,['H1'],597.0,301.0,196.0,67.0,61.0,324.0,0.0,1745.38690708572
45,['H1'],306.0,324.0,109.0,83.0,103.0,295.0,0.0,1640.2360006626825
53,['H1'],37.0,64.0,5.0,5.0,19.0,29.0,0.0,1395.3221029504482
210,['H1'],53.0,90.0,13.0,12.0,30.0,55.0,0.0,1390.2414711898377
325,['H1'],194.0,311.0,46.0,59.0,99.0,204.0,0.0,1348.8015496035437
327,['H1'],369.0,386.0,118.0,81.0,124.0,323.0,0.0,1548.6438563882518
456,['H1'],304.0,383.0,77.0,69.0,118.0,264.0,0.0,1455.3257705861563
460,['H1'],687.0,230.0,234.0,54.0,36.0,324.0,0.0,1873.55030291341
470,['H1'],486.0,353.0,161.0,70.0,93.0,324.0,0.0,1706.351739459181
476,['H1'],70.0,178.0,12.0,20.0,52.0,84.0,0.0,1289.7738730507701
478,['H1'],53.0,101.0,11.0,16.0,32.0,59.0,0.0,1387.911552794634
675,['H1'],39.0,51.0,8.0,9.0,12.0,29.0,0.0,1478.288438242587
339,['H1'],39.0,66.0,4.0,8.0,17.0,29.0,0.0,1406.5210269274608
672,['H1'],327.0,341.0,112.0,85.0,126.0,323.0,0.0,1542.315791923379
323,['K1'],723.0,389.0,237.0,101.0,61.0,399.0,0.0,1896.3572842784276
361,['K1'],572.0,461.0,168.0,111.0,121.0,400.0,0.0,1685.9082196979682
442,['K1' 'K2'],411.0,387.0,126.0,121.0,100.0,347.0,0.0,1725.4116370832276
486,['K1' 'K2'],222.0,233.0,59.0,54.0,62.0,175.0,0.0,1549.476239457113
1,['K1'],676.0,361.0,219.0,102.0,75.0,396.0,0.0,1873.6011824593847
52,['K1' 'K2'],517.0,495.0,149.0,130.0,141.0,420.0,0.0,1605.7382392033612
68,['K1' 'K2'],472.0,536.0,130.0,143.0,163.0,436.0,0.0,1493.3143118250491
93,['K1' 'K2'],491.0,509.0,143.0,124.0,144.0,411.0,0.0,1571.3459707724974
102,['K1' 'K2'],521.0,500.0,148.0,133.0,139.0,420.0,0.0,1501.571454224543
245,['K1' 'K2'],507.0,448.0,151.0,104.0,122.0,377.0,0.0,1672.026251812873
308,['K1' 'K2'],312.0,351.0,81.0,89.0,106.0,276.0,0.0,1448.0271619226528
335,['K1' 'K2'],723.0,377.0,234.0,106.0,63.0,403.0,0.0,1733.654721400475
364,['K1' 'K2'],533.0,586.0,133.0,129.0,154.0,416.0,0.0,1575.924720123275
483,['K1' 'K2'],530.0,532.0,142.0,122.0,139.0,403.0,0.0,1638.3824235498353
527,['K1' 'K2'],435.0,550.0,121.0,129.0,160.0,410.0,0.0,1489.5842751590014
536,['K1'],709.0,447.0,210.0,108.0,82.0,400.0,0.0,1791.6851718850469
629,['K1'],539.0,536.0,153.0,97.0,150.0,400.0,0.0,1708.155087010361
648,['K1' 'K2'],499.0,556.0,133.0,147.0,168.0,448.0,0.0,1429.1736552654995
677,['C1'],632.0,448.0,167.0,78.0,84.0,329.0,0.0,1679.5229913117464
225,['A1'],120.0,166.0,32.0,27.0,47.0,106.0,0.0,1413.823630059551
643,['D1'],101.0,193.0,16.0,29.0,53.0,98.0,0.0,1381.45585972008
279,['G2'],537.0,416.0,149.0,90.0,99.0,338.0,0.0,1546.481536085489
512,['G2'],274.0,383.0,70.0,53.0,112.0,235.0,0.0,1324.509778583879
515,['G2'],284.0,372.0,74.0,54.0,107.0,235.0,0.0,1352.5953812703258
547,['G2'],110.0,182.0,28.0,19.0,53.0,100.0,0.0,1408.2668500258007
561,['G2'],30.0,69.0,6.0,6.0,21.0,33.0,0.0,1378.3259215779128
630,['G2'],220.0,231.0,56.0,51.0,62.0,169.0,0.0,1437.2677722013802
34,['F2'],333.0,345.0,99.0,99.0,105.0,303.0,0.0,1435.8141674978292
47,['G2' 'G1'],406.0,487.0,106.0,90.0,142.0,338.0,0.0,1356.6881151018597
277,['F2' 'F1'],378.0,443.0,105.0,125.0,146.0,376.0,0.0,1369.6077115714647
330,['F2' 'F1'],277.0,374.0,84.0,98.0,118.0,300.0,0.0,1419.8973530118155
343,['G2' 'G1'],438.0,495.0,115.0,86.0,134.0,335.0,0.0,1415.2216322631953
529,['G2'],95.0,107.0,24.0,11.0,32.0,67.0,0.0,1437.3504492790819
590,['G1' 'G2'],288.0,349.0,63.0,43.0,95.0,201.0,0.0,1475.7807634585613
26,['G2' 'G1'],518.0,489.0,140.0,75.0,122.0,337.0,0.0,1488.203298085544
66,['G2'],38.0,82.0,3.0,6.0,24.0,33.0,0.0,1329.246948262981
204,['D1'],503.0,473.0,118.0,91.0,120.0,329.0,0.0,1496.6686188880105
292,['G2' 'G1'],500.0,524.0,126.0,85.0,127.0,338.0,0.0,1642.4839082702294
391,['G2' 'G1'],491.0,456.0,126.0,90.0,120.0,336.0,0.0,1502.6705933008823
399,['G2' 'G1'],517.0,420.0,142.0,92.0,104.0,338.0,0.0,1660.7117879678738
426,['G1' 'G2'],423.0,516.0,99.0,95.0,144.0,338.0,0.0,1553.1052388592284
455,['G1' 'G2'],444.0,485.0,112.0,85.0,140.0,337.0,0.0,1584.9675142450187
408,['G2'],69.0,114.0,17.0,16.0,33.0,66.0,0.0,1386.280866292073
541,['E4' 'E3'],286.0,310.0,77.0,63.0,88.0,228.0,0.0,1315.4754696934122
180,['P1'],198.0,322.0,52.0,45.0,103.0,200.0,0.0,1363.6581560939117
271,['P1'],66.0,112.0,15.0,20.0,31.0,66.0,0.0,1399.4544495768866
384,['B1'],53.0,66.0,9.0,9.0,15.0,33.0,0.0,1464.66740014818
423,['B1'],50.0,58.0,13.0,5.0,15.0,33.0,0.0,1501.7292054993682
402,['P1'],221.0,236.0,57.0,44.0,67.0,168.0,0.0,1486.5942964582987
566,['M1'],286.0,396.0,75.0,85.0,124.0,284.0,0.0,1458.7292770341276
641,['M1'],63.0,104.0,18.0,13.0,36.0,67.0,0.0,1422.4165994731725
173,['I1'],63.0,130.0,13.0,12.0,42.0,67.0,0.0,1353.4697378866372
555,['M1'],69.0,98.0,17.0,20.0,30.0,67.0,0.0,1451.710717250238
109,['O2'],30.0,37.0,11.0,16.0,14.0,41.0,0.0,1466.4853347593548
157,['K2' 'K1'],115.0,160.0,33.0,31.0,52.0,116.0,0.0,1329.5000248964782
267,['O2' 'O1'],363.0,402.0,109.0,91.0,130.0,330.0,0.0,1447.3357888288065
417,['K2' 'K1'],316.0,382.0,78.0,90.0,108.0,276.0,0.0,1393.9952905873954
422,['K2' 'K1'],449.0,462.0,127.0,136.0,132.0,395.0,0.0,1475.5587266734533
495,['O2'],277.0,329.0,89.0,88.0,114.0,291.0,0.0,1409.6639418504224
673,['O2' 'O1'],503.0,496.0,153.0,125.0,134.0,412.0,0.0,1514.4315646043376
475,['K2' 'K1'],540.0,494.0,153.0,114.0,118.0,385.0,0.0,1685.474272891898
19,['H1'],110.0,219.0,21.0,24.0,70.0,115.0,0.0,1346.59038284537
190,['H1'],170.0,223.0,55.0,50.0,70.0,175.0,0.0,1461.2685651707186
172,['C1'],22.0,44.0,5.0,2.0,14.0,21.0,0.0,1429.949760931446
237,['C1'],79.0,114.0,15.0,15.0,27.0,57.0,0.0,1419.9297588236361
235,['C1'],310.0,354.0,81.0,59.0,95.0,235.0,0.0,1482.7359304725478
234,['A1'],338.0,388.0,96.0,77.0,111.0,284.0,0.0,1363.025632690911
286,['D1'],73.0,149.0,12.0,9.0,44.0,65.0,0.0,1365.6094924030351
448,['D1'],405.0,463.0,98.0,74.0,124.0,296.0,0.0,1515.0668384922367
57,['L1'],24.0,31.0,5.0,6.0,7.0,18.0,0.0,1480.5738402507889
116,['L1'],457.0,411.0,119.0,96.0,98.0,313.0,0.0,1611.4984237747308
149,['F2'],338.0,374.0,93.0,96.0,110.0,299.0,0.0,1487.8638087030686
278,['N4' 'N3' 'N2' 'N1'],426.0,265.0,113.0,42.0,59.0,214.0,0.0,1521.8770507176523
425,['L1'],441.0,407.0,126.0,72.0,114.0,312.0,0.0,1560.780420011889
506,['L1'],284.0,366.0,68.0,71.0,106.0,245.0,0.0,1442.6220495234597
554,['L1'],355.0,408.0,89.0,80.0,110.0,279.0,0.0,1495.8820433970493
592,['F2'],280.0,323.0,71.0,94.0,99.0,264.0,0.0,1438.602556665269
606,['L1'],338.0,411.0,77.0,61.0,106.0,244.0,0.0,1495.1833171560932
634,['F2'],82.0,95.0,20.0,26.0,29.0,75.0,0.0,1418.816506578204
56,['L1'],424.0,455.0,103.0,82.0,128.0,313.0,0.0,1448.557291100763
58,['L1'],270.0,372.0,67.0,50.0,94.0,211.0,0.0,1409.4669005818635
115,['L1'],450.0,439.0,112.0,87.0,114.0,313.0,0.0,1486.528366324361
152,['L1'],343.0,388.0,86.0,81.0,112.0,279.0,0.0,1394.529944446437
166,['L1'],519.0,412.0,135.0,80.0,98.0,313.0,0.0,1601.7664975586188
177,['L1'],505.0,365.0,142.0,89.0,82.0,313.0,0.0,1585.3996222282033
256,['L1'],179.0,289.0,44.0,52.0,81.0,177.0,0.0,1412.957257756692
507,['L1'],438.0,392.0,121.0,93.0,98.0,312.0,0.0,1594.2508438376592
557,['L1'],504.0,442.0,118.0,89.0,106.0,313.0,0.0,1552.86898767265
612,['L1'],431.0,417.0,107.0,96.0,110.0,313.0,0.0,1561.0302458936242
96,['E4'],266.0,306.0,72.0,65.0,92.0,229.0,0.0,1337.1227513246624
78,['B1'],219.0,298.0,48.0,51.0,102.0,201.0,0.0,1377.952986912943
176,['L1'],464.0,388.0,127.0,98.0,87.0,312.0,0.0,1560.3657527159298
194,['P1'],76.0,136.0,15.0,14.0,38.0,67.0,0.0,1376.8066290063452
332,['L1'],380.0,442.0,99.0,95.0,118.0,312.0,0.0,1446.9808657609337
31,['P1'],47.0,68.0,9.0,7.0,17.0,33.0,0.0,1455.5834551892167
99,['G2'],86.0,147.0,24.0,25.0,52.0,101.0,0.0,1341.9673019909226
153,['L1'],479.0,389.0,134.0,81.0,97.0,312.0,0.0,1562.8117074485544
388,['G2'],97.0,107.0,21.0,17.0,29.0,67.0,0.0,1437.9089466010969
654,['G2'],222.0,245.0,54.0,54.0,61.0,169.0,0.0,1418.2779296009976
193,['G2'],133.0,147.0,33.0,27.0,40.0,100.0,0.0,1443.233980059328
214,['I1'],158.0,275.0,30.0,25.0,80.0,135.0,0.0,1412.526187125619
681,['I1'],57.0,128.0,13.0,18.0,36.0,67.0,0.0,1415.0721629517145
117,['L1'],487.0,426.0,124.0,93.0,95.0,312.0,0.0,1507.2231431105677
10,['M1'],300.0,383.0,75.0,87.0,123.0,285.0,0.0,1473.8582773472583
439,['M1'],357.0,335.0,108.0,72.0,105.0,285.0,0.0,1567.2971610376687
264,['H1'],51.0,88.0,13.0,13.0,32.0,58.0,0.0,1429.7090067947422
340,['H1'],133.0,180.0,24.0,38.0,57.0,119.0,0.0,1412.2917001538724
431,['M1'],103.0,120.0,27.0,35.0,38.0,100.0,0.0,1480.6682860392818
505,['H1'],49.0,93.0,10.0,16.0,32.0,58.0,0.0,1389.2850914339087
30,['O2' 'O1'],421.0,474.0,121.0,99.0,138.0,358.0,0.0,1492.6158977129342
609,['O2'],130.0,158.0,35.0,40.0,50.0,125.0,0.0,1398.593318170436
49,['K2' 'K1'],430.0,476.0,117.0,114.0,136.0,367.0,0.0,1470.3948967771667
131,['K2' 'K1'],405.0,453.0,114.0,105.0,135.0,354.0,0.0,1603.4274920291919
381,['K2' 'K1'],420.0,449.0,108.0,123.0,125.0,356.0,0.0,1485.6536168214016
621,['K2'],407.0,467.0,115.0,121.0,137.0,373.0,0.0,1378.0726696273393
168,['L1'],21.0,26.0,5.0,5.0,8.0,18.0,0.0,1473.0527294193855
545,['A1'],358.0,471.0,89.0,71.0,127.0,287.0,0.0,1437.7065504627358
251,['D1'],40.0,63.0,8.0,3.0,21.0,32.0,0.0,1430.8016791786586
202,['G2'],264.0,261.0,75.0,52.0,75.0,202.0,0.0,1475.3307601326112
333,['G2'],36.0,51.0,8.0,12.0,13.0,33.0,0.0,1443.589560277792
80,['F2'],37.0,45.0,8.0,13.0,16.0,37.0,0.0,1436.061714687864
540,['F2'],27.0,50.0,5.0,13.0,19.0,37.0,0.0,1387.6636357948662
151,['L1'],45.0,61.0,12.0,11.0,14.0,37.0,0.0,1487.9916394471213
467,['G2'],158.0,231.0,32.0,36.0,67.0,135.0,0.0,1365.9436615363384
181,['E4' 'E3' 'E2'],466.0,426.0,142.0,101.0,121.0,364.0,0.0,1467.078379176206
314,['B1'],36.0,68.0,7.0,6.0,20.0,33.0,0.0,1430.6521259947233
674,['E4' 'E3'],456.0,470.0,140.0,84.0,142.0,366.0,0.0,1456.5610744019348
18,['P1'],84.0,126.0,14.0,19.0,33.0,66.0,0.0,1412.868339088796
135,['B1'],330.0,379.0,92.0,59.0,110.0,261.0,0.0,1558.284439083183
353,['P1'],256.0,295.0,59.0,64.0,80.0,203.0,0.0,1429.2981634680602
2,['I1'],298.0,425.0,63.0,49.0,125.0,237.0,0.0,1495.0519395248687
531,['M1'],188.0,225.0,54.0,65.0,71.0,190.0,0.0,1504.1545380442215
652,['I1'],69.0,145.0,14.0,14.0,39.0,67.0,0.0,1421.3716369735741
137,['H1'],73.0,76.0,23.0,13.0,23.0,59.0,0.0,1517.9985557203936
119,['O2' 'O1'],290.0,282.0,82.0,78.0,84.0,244.0,0.0,1446.482035433772
401,['O2'],118.0,171.0,31.0,39.0,54.0,124.0,0.0,1358.1162117702472
27,['O2'],38.0,55.0,6.0,15.0,20.0,41.0,0.0,1396.933770486231
148,['O2'],204.0,205.0,59.0,53.0,55.0,167.0,0.0,1520.5503939722296
22,['K2'],415.0,427.0,113.0,109.0,117.0,339.0,0.0,1439.8043504985906
63,['K2'],176.0,256.0,36.0,52.0,83.0,171.0,0.0,1336.4544385261988
74,['J1'],366.0,255.0,118.0,69.0,70.0,257.0,0.0,1566.5872466360047
89,['J1'],206.0,281.0,62.0,63.0,99.0,224.0,0.0,1445.4143099507153
296,['J1'],157.0,178.0,41.0,36.0,47.0,124.0,0.0,1479.865160970314
300,['J1'],240.0,337.0,57.0,63.0,102.0,222.0,0.0,1433.2840032378517
303,['J1'],408.0,255.0,124.0,66.0,67.0,257.0,0.0,1737.9128333869921
392,['J1'],67.0,127.0,14.0,12.0,36.0,62.0,0.0,1394.6725388529262
393,['J1'],430.0,203.0,153.0,56.0,47.0,256.0,0.0,1783.5746459378136
395,['J1'],265.0,249.0,84.0,69.0,71.0,224.0,0.0,1573.8966024228364
396,['J1'],303.0,273.0,95.0,76.0,84.0,255.0,0.0,1504.8242534099863
542,['J1'],89.0,92.0,24.0,14.0,26.0,64.0,0.0,1498.6679198453483
90,['J1'],280.0,308.0,93.0,68.0,95.0,256.0,0.0,1589.4893951087056
397,['J1'],308.0,273.0,103.0,72.0,82.0,257.0,0.0,1572.6422388694527
231,['C1'],94.0,171.0,18.0,35.0,52.0,105.0,0.0,1357.4097292383901
517,['D1'],242.0,290.0,55.0,64.0,78.0,197.0,0.0,1532.978293187501
144,['E4'],226.0,324.0,57.0,64.0,105.0,226.0,0.0,1238.7306162671043
421,['E3' 'E4'],464.0,400.0,143.0,73.0,103.0,319.0,0.0,1547.568306885343
103,['F2' 'F1'],281.0,286.0,88.0,84.0,91.0,263.0,0.0,1541.3584569581778
179,['F2'],314.0,289.0,96.0,90.0,77.0,263.0,0.0,1519.0751432976735
39,['P1'],172.0,178.0,42.0,46.0,47.0,135.0,0.0,1513.9586646668295
222,['B1'],128.0,205.0,34.0,34.0,67.0,135.0,0.0,1391.1661573954016
346,['P1'],278.0,254.0,75.0,57.0,69.0,201.0,0.0,1570.9251805468625
464,['B1'],28.0,59.0,6.0,8.0,19.0,33.0,0.0,1431.037213180979
513,['G2'],34.0,58.0,7.0,9.0,17.0,33.0,0.0,1421.098522088627
514,['G2'],68.0,85.0,14.0,26.0,26.0,66.0,0.0,1421.7817290796336
548,['P1'],76.0,122.0,13.0,15.0,39.0,67.0,0.0,1379.450599339661
187,['G2'],84.0,97.0,25.0,12.0,30.0,67.0,0.0,1471.073773868414
182,['L1'],90.0,103.0,20.0,22.0,25.0,67.0,0.0,1495.7000707580667
270,['Q1'],238.0,241.0,65.0,65.0,77.0,207.0,0.0,1461.96589399819
603,['Q1'],286.0,201.0,93.0,61.0,55.0,209.0,0.0,1597.1875480563667
16,['Q1'],260.0,228.0,88.0,57.0,62.0,207.0,0.0,1626.0859479291607
88,['Q1'],236.0,239.0,71.0,66.0,71.0,208.0,0.0,1580.9422635258384
33,['Q1'],217.0,270.0,58.0,63.0,88.0,209.0,0.0,1473.1258142108466
85,['Q1'],119.0,165.0,33.0,31.0,55.0,119.0,0.0,1427.3027680305609
114,['Q1'],63.0,94.0,14.0,21.0,24.0,59.0,0.0,1446.4784303896754
299,['J1'],68.0,89.0,19.0,20.0,25.0,64.0,0.0,1448.271229720816
337,['Q1'],285.0,182.0,95.0,70.0,44.0,209.0,0.0,1673.8648091977027
409,['Q1'],27.0,49.0,6.0,8.0,15.0,29.0,0.0,1435.3793711515011
334,['Q1'],130.0,171.0,35.0,54.0,60.0,149.0,0.0,1390.6208782304764
404,['Q1'],303.0,179.0,106.0,51.0,51.0,208.0,0.0,1644.4559519539557
432,['Q1'],234.0,241.0,79.0,59.0,70.0,208.0,0.0,1500.9498419079005
465,['Q1'],266.0,173.0,95.0,70.0,43.0,208.0,0.0,1669.7993674377533
576,['Q1'],97.0,82.0,33.0,29.0,27.0,89.0,0.0,1560.016938167025
297,['J1'],111.0,125.0,28.0,25.0,39.0,92.0,0.0,1497.6163803156514
498,['O2'],52.0,59.0,10.0,14.0,17.0,41.0,0.0,1457.0201464804934
199,['Q1'],231.0,229.0,66.0,80.0,63.0,209.0,0.0,1528.4909169827151
83,['Q1'],201.0,213.0,53.0,59.0,67.0,179.0,0.0,1516.5791180135075
207,['M1'],38.0,55.0,8.0,5.0,20.0,33.0,0.0,1431.0491307627447
485,['M1'],59.0,110.0,15.0,13.0,39.0,67.0,0.0,1373.8549453110465
44,['K2'],135.0,130.0,40.0,45.0,39.0,124.0,0.0,1484.590273667968
132,['K2'],64.0,142.0,11.0,18.0,53.0,82.0,0.0,1272.2377216494888
136,['K2' 'K1'],291.0,323.0,77.0,77.0,89.0,243.0,0.0,1549.6457144796855
201,['H1'],175.0,240.0,51.0,44.0,83.0,178.0,0.0,1539.8126990408282
338,['H1'],117.0,175.0,32.0,33.0,54.0,119.0,0.0,1473.8193734476315
347,['H1'],85.0,124.0,20.0,25.0,44.0,89.0,0.0,1470.6013489942886
317,['D1'],169.0,232.0,42.0,52.0,70.0,164.0,0.0,1449.712290794633
565,['F2'],31.0,60.0,4.0,10.0,23.0,37.0,0.0,1349.0015305029733
636,['F2' 'F1'],256.0,247.0,77.0,71.0,78.0,226.0,0.0,1605.6403611753512
249,['Q1'],170.0,165.0,40.0,66.0,43.0,149.0,0.0,1508.6549279564758
413,['Q1'],47.0,86.0,11.0,18.0,30.0,59.0,0.0,1380.36418801083
407,['P1'],160.0,188.0,41.0,32.0,59.0,132.0,0.0,1509.1490484630722
577,['P1'],207.0,231.0,57.0,48.0,62.0,167.0,0.0,1520.837070982759
200,['P1'],64.0,95.0,18.0,22.0,27.0,67.0,0.0,1491.8961679632832
348,['G2'],118.0,169.0,29.0,26.0,45.0,100.0,0.0,1407.2906217506695
473,['G2'],192.0,225.0,54.0,47.0,67.0,168.0,0.0,1442.7519480735414
535,['B1'],190.0,282.0,41.0,42.0,79.0,162.0,0.0,1396.4347490476746
572,['G2'],35.0,52.0,8.0,7.0,18.0,33.0,0.0,1418.2299007575846
656,['B1'],268.0,265.0,68.0,55.0,70.0,193.0,0.0,1554.5587607261823
309,['I1'],254.0,343.0,64.0,47.0,92.0,203.0,0.0,1559.9271317072535
443,['M1'],156.0,257.0,47.0,45.0,90.0,182.0,0.0,1426.3824339382813
130,['O2'],224.0,229.0,68.0,61.0,78.0,207.0,0.0,1390.829547411538
310,['O2' 'O1'],331.0,290.0,90.0,77.0,78.0,245.0,0.0,1530.5090417423205
385,['O2'],92.0,98.0,28.0,21.0,34.0,83.0,0.0,1406.0667646467703
523,['O2'],109.0,115.0,29.0,17.0,37.0,83.0,0.0,1422.9933503939292
59,['H1'],163.0,187.0,47.0,41.0,61.0,149.0,0.0,1528.0665068175758
163,['K2'],34.0,60.0,5.0,12.0,24.0,41.0,0.0,1357.0274262683745
411,['K2'],233.0,221.0,70.0,79.0,59.0,208.0,0.0,1443.849827757645
530,['K2'],205.0,186.0,61.0,48.0,56.0,165.0,0.0,1453.3395723752578
371,['H1'],113.0,165.0,36.0,21.0,61.0,118.0,0.0,1516.987631490707
357,['H1'],186.0,218.0,55.0,58.0,63.0,176.0,0.0,1525.4028653701137
218,['J1'],238.0,277.0,60.0,51.0,79.0,190.0,0.0,1468.389839819588
298,['J1'],107.0,134.0,25.0,35.0,38.0,98.0,0.0,1465.377598540002
544,['A1'],136.0,215.0,27.0,23.0,57.0,107.0,0.0,1425.4606976802716
375,['F2'],83.0,112.0,19.0,19.0,37.0,75.0,0.0,1361.5991386824473
617,['F2'],178.0,201.0,47.0,44.0,60.0,151.0,0.0,1423.9729645078517
11,['E4'],296.0,349.0,78.0,51.0,99.0,228.0,0.0,1451.1759860279
311,['E4' 'E3'],260.0,302.0,77.0,54.0,96.0,227.0,0.0,1357.8437338490178
127,['G2'],83.0,122.0,15.0,21.0,31.0,67.0,0.0,1396.4301062046845
60,['G2'],243.0,194.0,70.0,47.0,52.0,169.0,0.0,1586.9936689649148
351,['G2'],163.0,207.0,41.0,37.0,57.0,135.0,0.0,1402.4866908928202
642,['O2'],42.0,78.0,9.0,7.0,25.0,41.0,0.0,1394.4251479020515
497,['O2'],81.0,122.0,16.0,32.0,35.0,83.0,0.0,1373.2425697932415
288,['J1'],58.0,100.0,12.0,20.0,33.0,65.0,0.0,1407.8544035916273
394,['J1'],79.0,102.0,16.0,16.0,32.0,64.0,0.0,1423.696523732392
610,['Q1'],92.0,138.0,24.0,19.0,46.0,89.0,0.0,1422.9702302206633
252,['K2'],251.0,304.0,63.0,61.0,85.0,209.0,0.0,1365.154574275475
583,['K2'],94.0,126.0,17.0,28.0,38.0,83.0,0.0,1362.4615624340395
627,['F2' 'F1'],153.0,188.0,52.0,36.0,62.0,150.0,0.0,1458.0704629521204
174,['B1'],76.0,115.0,18.0,14.0,35.0,67.0,0.0,1462.2945216377075
659,['G2'],72.0,100.0,15.0,23.0,29.0,67.0,0.0,1392.1107525747436
169,['E4' 'E3'],245.0,247.0,63.0,44.0,74.0,181.0,0.0,1405.2239697818304
430,['E4'],239.0,256.0,64.0,54.0,65.0,183.0,0.0,1359.3559226595482
316,['G2' 'G1'],212.0,178.0,53.0,38.0,43.0,134.0,0.0,1597.745939761783
328,['J1'],114.0,112.0,33.0,29.0,33.0,95.0,0.0,1520.2081828956561
633,['I1'],121.0,205.0,21.0,22.0,58.0,101.0,0.0,1365.3779131893104
369,['M1'],81.0,118.0,21.0,28.0,40.0,89.0,0.0,1425.6853172099254
493,['Q1'],122.0,143.0,32.0,40.0,47.0,119.0,0.0,1444.7339896878982
282,['K2'],220.0,230.0,54.0,63.0,50.0,167.0,0.0,1472.6034649022424
491,['K2'],104.0,98.0,30.0,26.0,27.0,83.0,0.0,1445.8761220525391
273,['O2'],45.0,57.0,10.0,15.0,16.0,41.0,0.0,1421.3841265229917
568,['O2'],71.0,136.0,16.0,26.0,41.0,83.0,0.0,1303.5011989770435
50,['H1'],111.0,119.0,35.0,39.0,45.0,119.0,0.0,1504.9786094840101
645,['H1'],20.0,43.0,5.0,7.0,17.0,29.0,0.0,1443.3722053866463
341,['A1'],134.0,208.0,27.0,26.0,54.0,107.0,0.0,1448.5113547760352
236,['C1'],26.0,84.0,4.0,7.0,24.0,35.0,0.0,1382.7700434794638
76,['C1'],127.0,216.0,25.0,25.0,57.0,107.0,0.0,1415.6994314796102
321,['L1'],56.0,102.0,14.0,21.0,32.0,67.0,0.0,1400.721929126659
40,['N4'],151.0,131.0,40.0,29.0,38.0,107.0,0.0,1357.64173508326
639,['F2'],112.0,155.0,36.0,30.0,47.0,113.0,0.0,1416.1507951006736
25,['E4'],181.0,190.0,47.0,43.0,47.0,137.0,0.0,1415.4773070471463
239,['G2'],104.0,149.0,29.0,27.0,45.0,101.0,0.0,1403.1338415358716
354,['B1'],110.0,122.0,32.0,24.0,35.0,91.0,0.0,1548.266135823479
624,['B1'],34.0,75.0,7.0,6.0,20.0,33.0,0.0,1441.2131821634882
322,['G2'],75.0,98.0,15.0,20.0,32.0,67.0,0.0,1414.795018575101
71,['P1'],118.0,135.0,38.0,19.0,42.0,99.0,0.0,1536.2141221769805
205,['P1'],124.0,123.0,35.0,30.0,34.0,99.0,0.0,1576.8769896407446
287,['P1'],23.0,61.0,5.0,7.0,21.0,33.0,0.0,1417.7574605935122
622,['M1'],24.0,39.0,5.0,8.0,16.0,29.0,0.0,1428.5654557413063
28,['O2'],38.0,68.0,8.0,11.0,22.0,41.0,0.0,1396.2012729453331
268,['O2'],145.0,168.0,38.0,41.0,45.0,124.0,0.0,1477.9691309499544
319,['O2'],120.0,129.0,38.0,45.0,42.0,125.0,0.0,1482.4417635076147
496,['Q1'],25.0,55.0,5.0,5.0,19.0,29.0,0.0,1400.4036009820566
480,['H1'],39.0,92.0,10.0,15.0,34.0,59.0,0.0,1427.597746487976
481,['H1'],43.0,97.0,12.0,9.0,38.0,59.0,0.0,1392.7274048647084
558,['K2'],159.0,137.0,46.0,42.0,37.0,125.0,0.0,1478.9620365113378
414,['Q1'],93.0,137.0,26.0,25.0,38.0,89.0,0.0,1477.4693386816302
611,['H1'],22.0,50.0,3.0,5.0,21.0,29.0,0.0,1399.5653714558275
664,['A1'],95.0,109.0,26.0,16.0,29.0,71.0,0.0,1537.7505293784432
209,['L1'],86.0,128.0,18.0,17.0,32.0,67.0,0.0,1431.2561106978997
46,['F2' 'F1'],61.0,106.0,18.0,23.0,33.0,74.0,0.0,1436.9994364090096
112,['E4'],126.0,138.0,29.0,26.0,36.0,91.0,0.0,1362.5423199517488
248,['G2'],94.0,70.0,32.0,13.0,22.0,67.0,0.0,1540.8626831302774
344,['P1'],74.0,122.0,13.0,19.0,33.0,65.0,0.0,1440.0885311863371
125,['Q1'],39.0,89.0,9.0,14.0,36.0,59.0,0.0,1365.5858898911638
459,['M1'],55.0,80.0,12.0,26.0,21.0,59.0,0.0,1481.8005793722932
255,['K2'],42.0,73.0,10.0,9.0,22.0,41.0,0.0,1374.4575993815276
294,['J1'],74.0,82.0,14.0,24.0,21.0,59.0,0.0,1488.429086177621
301,['J1'],26.0,55.0,4.0,8.0,17.0,29.0,0.0,1410.6199743408363
302,['J1'],43.0,101.0,9.0,17.0,33.0,59.0,0.0,1356.6154228232233
345,['H1'],59.0,59.0,19.0,19.0,21.0,59.0,0.0,1553.3579095472878
474,['K2'],105.0,95.0,26.0,31.0,25.0,82.0,0.0,1503.005590866373
129,['O2'],105.0,112.0,33.0,19.0,31.0,83.0,0.0,1472.0846619945958
650,['O2'],101.0,117.0,31.0,18.0,34.0,83.0,0.0,1445.9033102629273
525,['O2'],40.0,58.0,12.0,10.0,19.0,41.0,0.0,1453.470083628673
211,['B1'],27.0,46.0,5.0,8.0,16.0,29.0,0.0,1454.6230999418808
213,['F2'],61.0,41.0,17.0,13.0,7.0,37.0,0.0,1555.2577666852312
595,['E4'],60.0,43.0,18.0,14.0,13.0,45.0,0.0,1473.5633790313543
342,['P1'],44.0,52.0,11.0,8.0,14.0,33.0,0.0,1514.0850440351467
500,['M1'],28.0,46.0,6.0,7.0,16.0,29.0,0.0,1451.1628363515342
108,['P1'],37.0,64.0,6.0,8.0,19.0,33.0,0.0,1448.1319382480385
453,['K2'],62.0,37.0,18.0,15.0,8.0,41.0,0.0,1544.156289974951
295,['J1'],26.0,55.0,6.0,5.0,18.0,29.0,0.0,1432.090209413639
502,['K2'],37.0,63.0,9.0,10.0,22.0,41.0,0.0,1392.0442821434424
640,['K2'],49.0,33.0,15.0,20.0,6.0,41.0,0.0,1558.7215885091648
24,['O2'],56.0,51.0,17.0,6.0,18.0,41.0,0.0,1490.8383830135756
220,['O2'],83.0,61.0,19.0,11.0,11.0,41.0,0.0,1557.9454392971058
272,['O2'],70.0,43.0,18.0,14.0,9.0,41.0,0.0,1556.8722635781446
118,['Q1'],34.0,45.0,7.0,9.0,13.0,29.0,0.0,1466.5719753861065
461,['H1'],39.0,28.0,11.0,11.0,7.0,29.0,0.0,1581.3824633536967
